﻿<?xml version="1.0" encoding="utf-8"?>
<RuleMetadataStore>
  <RuleMetadataCollection targetType="AzureSqlDatabase" resourceBase="Microsoft.SqlServer.Migration.Assessment.SqlDbRuleResources" resourceAssembly="Microsoft.SqlServer.Migration.Assessment">
    <RuleMapping>
      <FeatureId>ServerScopedTriggers</FeatureId>
      <RuleMetadata>
        <RuleId>ServerScopedTriggers</RuleId>
        <Title>ServerScopedTriggersTitle</Title>
        <IssueCategory>ServerScopedTriggersIssueCategory</IssueCategory>
        <Description>ServerScopedTriggersDescription</Description>
        <Recommendation>ServerScopedTriggersRecommendation</Recommendation>
        <MoreInformation>ServerScopedTriggersMoreInformation</MoreInformation>
        <MoreInformationlink>ServerScopedTriggersMoreInformationlink</MoreInformationlink>
      </RuleMetadata>
    </RuleMapping>
    <RuleMapping>
      <FeatureId>ComputeClause</FeatureId>
      <RuleMetadata>
        <RuleId>ComputeClause</RuleId>
        <Title>ComputeClauseTitle</Title>
        <IssueCategory>ComputeClauseIssueCategory</IssueCategory>
        <Description>ComputeClauseDescription</Description>
        <Recommendation>ComputeClauseRecommendation</Recommendation>
        <MoreInformation>ComputeClauseMoreInformation</MoreInformation>
        <MoreInformationlink>ComputeClauseMoreInformationlink</MoreInformationlink>
      </RuleMetadata>
    </RuleMapping>
    <RuleMapping>
      <FeatureId>OpenRowsetWithNonBlobDataSourceBulk</FeatureId>
      <RuleMetadata>
        <RuleId>OpenRowsetWithNonBlobDataSourceBulk</RuleId>
        <Title>OpenRowsetWithNonBlobDataSourceBulkTitle</Title>
        <IssueCategory>OpenRowsetWithNonBlobDataSourceBulkIssueCategory</IssueCategory>
        <Description>OpenRowsetWithNonBlobDataSourceBulkDescription</Description>
        <Recommendation>OpenRowsetWithNonBlobDataSourceBulkRecommendation</Recommendation>
        <MoreInformation>OpenRowsetWithNonBlobDataSourceBulkMoreInformation</MoreInformation>
        <MoreInformationlink>OpenRowsetWithNonBlobDataSourceBulkMoreInformationlink</MoreInformationlink>
      </RuleMetadata>
    </RuleMapping>
    <RuleMapping>
      <FeatureId>FileStream</FeatureId>
      <RuleMetadata>
        <RuleId>FileStream</RuleId>
        <Title>FileStreamTitle</Title>
        <IssueCategory>FileStreamIssueCategory</IssueCategory>
        <Description>FileStreamDescription</Description>
        <Recommendation>FileStreamRecommendation</Recommendation>
        <MoreInformation>FileStreamMoreInformation</MoreInformation>
        <MoreInformationlink>FileStreamMoreInformationlink</MoreInformationlink>
      </RuleMetadata>
    </RuleMapping>
    <RuleMapping>
      <FeatureId>NonANSIRightOuterJoinSyntax</FeatureId>
      <RuleMetadata>
        <RuleId>NonANSIRightOuterJoinSyntax</RuleId>
        <Title>NonANSIRightOuterJoinSyntaxTitle</Title>
        <IssueCategory>NonANSIRightOuterJoinSyntaxIssueCategory</IssueCategory>
        <Description>NonANSIRightOuterJoinSyntaxDescription</Description>
        <Recommendation>NonANSIRightOuterJoinSyntaxRecommendation</Recommendation>
        <MoreInformation>NonANSIRightOuterJoinSyntaxMoreInformation</MoreInformation>
        <MoreInformationlink>NonANSIRightOuterJoinSyntaxMoreInformationlink</MoreInformationlink>
      </RuleMetadata>
    </RuleMapping>
    <RuleMapping>
      <FeatureId>SystemProcedures110</FeatureId>
      <RuleMetadata>
        <RuleId>SystemProcedures110</RuleId>
        <Title>SystemProcedures110Title</Title>
        <IssueCategory>SystemProcedures110IssueCategory</IssueCategory>
        <Description>SystemProcedures110Description</Description>
        <Recommendation>SystemProcedures110Recommendation</Recommendation>
        <MoreInformation>SystemProcedures110MoreInformation</MoreInformation>
        <MoreInformationlink>SystemProcedures110MoreInformationlink</MoreInformationlink>
      </RuleMetadata>
    </RuleMapping>
    <RuleMapping>
      <FeatureId>BulkInsert</FeatureId>
      <RuleMetadata>
        <RuleId>BulkInsert</RuleId>
        <Title>BulkInsertTitle</Title>
        <IssueCategory>BulkInsertIssueCategory</IssueCategory>
        <Description>BulkInsertDescription</Description>
        <Recommendation>BulkInsertRecommendation</Recommendation>
        <MoreInformation>BulkInsertMoreInformation</MoreInformation>
        <MoreInformationlink>BulkInsertMoreInformationlink</MoreInformationlink>
      </RuleMetadata>
    </RuleMapping>
    <RuleMapping>
      <FeatureId>TraceFlags</FeatureId>
      <RuleMetadata>
        <RuleId>TraceFlags</RuleId>
        <Title>TraceFlagsTitle</Title>
        <IssueCategory>TraceFlagsIssueCategory</IssueCategory>
        <Description>TraceFlagsDescription</Description>
        <Recommendation>TraceFlagsRecommendation</Recommendation>
        <MoreInformation>TraceFlagsMoreInformation</MoreInformation>
        <MoreInformationlink>TraceFlagsMoreInformationlink</MoreInformationlink>
      </RuleMetadata>
    </RuleMapping>
    <RuleMapping>
      <FeatureId>ClrAssemblies</FeatureId>
      <RuleMetadata>
        <RuleId>ClrAssemblies</RuleId>
        <Title>ClrAssembliesTitle</Title>
        <IssueCategory>ClrAssembliesIssueCategory</IssueCategory>
        <Description>ClrAssembliesDescription</Description>
        <Recommendation>ClrAssembliesRecommendation</Recommendation>
        <MoreInformation>ClrAssembliesMoreInformation</MoreInformation>
        <MoreInformationlink>ClrAssembliesMoreInformationlink</MoreInformationlink>
      </RuleMetadata>
    </RuleMapping>
    <RuleMapping>
      <FeatureId>AgentJobs</FeatureId>
      <RuleMetadata>
        <RuleId>AgentJobs</RuleId>
        <Title>AgentJobsTitle</Title>
        <IssueCategory>AgentJobsIssueCategory</IssueCategory>
        <Description>AgentJobsDescription</Description>
        <Recommendation>AgentJobsRecommendation</Recommendation>
        <MoreInformation>AgentJobsMoreInformation</MoreInformation>
        <MoreInformationlink>AgentJobsMoreInformationlink</MoreInformationlink>
      </RuleMetadata>
    </RuleMapping>
    <RuleMapping>
      <FeatureId>LinkedServer</FeatureId>
      <RuleMetadata>
        <RuleId>LinkedServer</RuleId>
        <Title>LinkedServerTitle</Title>
        <IssueCategory>LinkedServerIssueCategory</IssueCategory>
        <Description>LinkedServerDescription</Description>
        <Recommendation>LinkedServerRecommendation</Recommendation>
        <MoreInformation>LinkedServerMoreInformation</MoreInformation>
        <MoreInformationlink>LinkedServerMoreInformationlink</MoreInformationlink>
      </RuleMetadata>
    </RuleMapping>
    <RuleMapping>
      <FeatureId>XpCmdshell</FeatureId>
      <RuleMetadata>
        <RuleId>XpCmdshell</RuleId>
        <Title>XpCmdshellTitle</Title>
        <IssueCategory>XpCmdshellIssueCategory</IssueCategory>
        <Description>XpCmdshellDescription</Description>
        <Recommendation>XpCmdshellRecommendation</Recommendation>
        <MoreInformation>XpCmdshellMoreInformation</MoreInformation>
        <MoreInformationlink>XpCmdshellMoreInformationlink</MoreInformationlink>
      </RuleMetadata>
    </RuleMapping>
    <RuleMapping>
      <FeatureId>ServerCredentials</FeatureId>
      <RuleMetadata>
        <RuleId>ServerCredentials</RuleId>
        <Title>ServerCredentialsTitle</Title>
        <IssueCategory>ServerCredentialsIssueCategory</IssueCategory>
        <Description>ServerCredentialsDescription</Description>
        <Recommendation>ServerCredentialsRecommendation</Recommendation>
        <MoreInformation>ServerCredentialsMoreInformation</MoreInformation>
        <MoreInformationlink>ServerCredentialsMoreInformationlink</MoreInformationlink>
      </RuleMetadata>
    </RuleMapping>
    <RuleMapping>
      <FeatureId>MSDTCTransactSQL</FeatureId>
      <RuleMetadata>
        <RuleId>MSDTCTransactSQL</RuleId>
        <Title>MSDTCTransactSQLTitle</Title>
        <IssueCategory>MSDTCTransactSQLIssueCategory</IssueCategory>
        <Description>MSDTCTransactSQLDescription</Description>
        <Recommendation>MSDTCTransactSQLRecommendation</Recommendation>
        <MoreInformation>MSDTCTransactSQLMoreInformation</MoreInformation>
        <MoreInformationlink>MSDTCTransactSQLMoreInformationlink</MoreInformationlink>
      </RuleMetadata>
    </RuleMapping>
    <RuleMapping>
      <FeatureId>WindowsAuthentication</FeatureId>
      <RuleMetadata>
        <RuleId>WindowsAuthentication</RuleId>
        <Title>WindowsAuthenticationTitle</Title>
        <IssueCategory>WindowsAuthenticationIssueCategory</IssueCategory>
        <Description>WindowsAuthenticationDescription</Description>
        <Recommendation>WindowsAuthenticationRecommendation</Recommendation>
        <MoreInformation>WindowsAuthenticationMoreInformation</MoreInformation>
        <MoreInformationlink>WindowsAuthenticationMoreInformationlink</MoreInformationlink>
      </RuleMetadata>
    </RuleMapping>
    <RuleMapping>
      <FeatureId>NonANSILeftOuterJoinSyntax</FeatureId>
      <RuleMetadata>
        <RuleId>NonANSILeftOuterJoinSyntax</RuleId>
        <Title>NonANSILeftOuterJoinSyntaxTitle</Title>
        <IssueCategory>NonANSILeftOuterJoinSyntaxIssueCategory</IssueCategory>
        <Description>NonANSILeftOuterJoinSyntaxDescription</Description>
        <Recommendation>NonANSILeftOuterJoinSyntaxRecommendation</Recommendation>
        <MoreInformation>NonANSILeftOuterJoinSyntaxMoreInformation</MoreInformation>
        <MoreInformationlink>NonANSILeftOuterJoinSyntaxMoreInformationlink</MoreInformationlink>
      </RuleMetadata>
    </RuleMapping>
    <RuleMapping>
      <FeatureId>SyntaxError</FeatureId>
      <RuleMetadata>
        <RuleId>SyntaxError</RuleId>
        <Title>SyntaxErrorTitle</Title>
        <IssueCategory>SyntaxErrorIssueCategory</IssueCategory>
        <Description>SyntaxErrorDescription</Description>
        <Recommendation>SyntaxErrorRecommendation</Recommendation>
        <MoreInformation>SyntaxErrorMoreInformation</MoreInformation>
        <MoreInformationlink>SyntaxErrorMoreInformationlink</MoreInformationlink>
      </RuleMetadata>
    </RuleMapping>
    <RuleMapping>
      <FeatureId>FastFirstRowHint</FeatureId>
      <RuleMetadata>
        <RuleId>FastFirstRowHint</RuleId>
        <Title>FastFirstRowHintTitle</Title>
        <IssueCategory>FastFirstRowHintIssueCategory</IssueCategory>
        <Description>FastFirstRowHintDescription</Description>
        <Recommendation>FastFirstRowHintRecommendation</Recommendation>
        <MoreInformation>FastFirstRowHintMoreInformation</MoreInformation>
        <MoreInformationlink>FastFirstRowHintMoreInformationlink</MoreInformationlink>
      </RuleMetadata>
    </RuleMapping>
    <RuleMapping>
      <FeatureId>MemoryOptimizedTables</FeatureId>
      <RuleMetadata>
        <RuleId>MemoryOptimizedTables</RuleId>
        <Title>MemoryOptimizedTablesTitle</Title>
        <IssueCategory>MemoryOptimizedTablesIssueCategory</IssueCategory>
        <Description>MemoryOptimizedTablesDescription</Description>
        <Recommendation>MemoryOptimizedTablesRecommendation</Recommendation>
        <MoreInformation>MemoryOptimizedTablesMoreInformation</MoreInformation>
        <MoreInformationlink>MemoryOptimizedTablesMoreInformationlink</MoreInformationlink>
      </RuleMetadata>
    </RuleMapping>
    <RuleMapping>
      <FeatureId>CryptographicProvider</FeatureId>
      <RuleMetadata>
        <RuleId>CryptographicProvider</RuleId>
        <Title>CryptographicProviderTitle</Title>
        <IssueCategory>CryptographicProviderIssueCategory</IssueCategory>
        <Description>CryptographicProviderDescription</Description>
        <Recommendation>CryptographicProviderRecommendation</Recommendation>
        <MoreInformation>CryptographicProviderMoreInformation</MoreInformation>
        <MoreInformationlink>CryptographicProviderMoreInformationlink</MoreInformationlink>
      </RuleMetadata>
    </RuleMapping>
    <RuleMapping>
      <FeatureId>SqlMail</FeatureId>
      <RuleMetadata>
        <RuleId>SqlMail</RuleId>
        <Title>SqlMailTitle</Title>
        <IssueCategory>SqlMailIssueCategory</IssueCategory>
        <Description>SqlMailDescription</Description>
        <Recommendation>SqlMailRecommendation</Recommendation>
        <MoreInformation>SqlMailMoreInformation</MoreInformation>
        <MoreInformationlink>SqlMailMoreInformationlink</MoreInformationlink>
      </RuleMetadata>
    </RuleMapping>
    <RuleMapping>
      <FeatureId>SQLDBDatabaseSize</FeatureId>
      <RuleMetadata>
        <RuleId>SQLDBDatabaseSize</RuleId>
        <Title>SQLDBDatabaseSizeTitle</Title>
        <IssueCategory>SQLDBDatabaseSizeIssueCategory</IssueCategory>
        <Description>SQLDBDatabaseSizeDescription</Description>
        <Recommendation>SQLDBDatabaseSizeRecommendation</Recommendation>
        <MoreInformation>SQLDBDatabaseSizeMoreInformation</MoreInformation>
        <MoreInformationlink>SQLDBDatabaseSizeMoreInformationlink</MoreInformationlink>
      </RuleMetadata>
    </RuleMapping>
    <RuleMapping>
      <FeatureId>DatabasePrincipalAlias</FeatureId>
      <RuleMetadata>
        <RuleId>DatabasePrincipalAlias</RuleId>
        <Title>DatabasePrincipalAliasTitle</Title>
        <IssueCategory>DatabasePrincipalAliasIssueCategory</IssueCategory>
        <Description>DatabasePrincipalAliasDescription</Description>
        <Recommendation>DatabasePrincipalAliasRecommendation</Recommendation>
        <MoreInformation>DatabasePrincipalAliasMoreInformation</MoreInformation>
        <MoreInformationlink>DatabasePrincipalAliasMoreInformationlink</MoreInformationlink>
      </RuleMetadata>
    </RuleMapping>
    <RuleMapping>
      <FeatureId>ServiceBroker</FeatureId>
      <RuleMetadata>
        <RuleId>ServiceBroker</RuleId>
        <Title>ServiceBrokerTitle</Title>
        <IssueCategory>ServiceBrokerIssueCategory</IssueCategory>
        <Description>ServiceBrokerDescription</Description>
        <Recommendation>ServiceBrokerRecommendation</Recommendation>
        <MoreInformation>ServiceBrokerMoreInformation</MoreInformation>
        <MoreInformationlink>ServiceBrokerMoreInformationlink</MoreInformationlink>
      </RuleMetadata>
    </RuleMapping>
    <RuleMapping>
      <FeatureId>DbCompatLevelLowerThan100</FeatureId>
      <RuleMetadata>
        <RuleId>DbCompatLevelLowerThan100</RuleId>
        <Title>DbCompatLevelLowerThan100Title</Title>
        <IssueCategory>DbCompatLevelLowerThan100IssueCategory</IssueCategory>
        <Description>DbCompatLevelLowerThan100Description</Description>
        <Recommendation>DbCompatLevelLowerThan100Recommendation</Recommendation>
        <MoreInformation>DbCompatLevelLowerThan100MoreInformation</MoreInformation>
        <MoreInformationlink>DbCompatLevelLowerThan100MoreInformationlink</MoreInformationlink>
      </RuleMetadata>
    </RuleMapping>
    <RuleMapping>
      <FeatureId>DatabaseMail</FeatureId>
      <RuleMetadata>
        <RuleId>DatabaseMail</RuleId>
        <Title>DatabaseMailTitle</Title>
        <IssueCategory>DatabaseMailIssueCategory</IssueCategory>
        <Description>DatabaseMailDescription</Description>
        <Recommendation>DatabaseMailRecommendation</Recommendation>
        <MoreInformation>DatabaseMailMoreInformation</MoreInformation>
        <MoreInformationlink>DatabaseMailMoreInformationlink</MoreInformationlink>
      </RuleMetadata>
    </RuleMapping>
    <RuleMapping>
      <FeatureId>NextColumn</FeatureId>
      <RuleMetadata>
        <RuleId>NextColumn</RuleId>
        <Title>NextColumnTitle</Title>
        <IssueCategory>NextColumnIssueCategory</IssueCategory>
        <Description>NextColumnDescription</Description>
        <Recommendation>NextColumnRecommendation</Recommendation>
        <MoreInformation>NextColumnMoreInformation</MoreInformation>
        <MoreInformationlink>NextColumnMoreInformationlink</MoreInformationlink>
      </RuleMetadata>
    </RuleMapping>
    <RuleMapping>
      <FeatureId>ServerAudits</FeatureId>
      <RuleMetadata>
        <RuleId>ServerAudits</RuleId>
        <Title>ServerAuditsTitle</Title>
        <IssueCategory>ServerAuditsIssueCategory</IssueCategory>
        <Description>ServerAuditsDescription</Description>
        <Recommendation>ServerAuditsRecommendation</Recommendation>
        <MoreInformation>ServerAuditsMoreInformation</MoreInformation>
        <MoreInformationlink>ServerAuditsMoreInformationlink</MoreInformationlink>
      </RuleMetadata>
    </RuleMapping>
    <RuleMapping>
      <FeatureId>DisableDefCNSTCHK</FeatureId>
      <RuleMetadata>
        <RuleId>DisableDefCNSTCHK</RuleId>
        <Title>DisableDefCNSTCHKTitle</Title>
        <IssueCategory>DisableDefCNSTCHKIssueCategory</IssueCategory>
        <Description>DisableDefCNSTCHKDescription</Description>
        <Recommendation>DisableDefCNSTCHKRecommendation</Recommendation>
        <MoreInformation>DisableDefCNSTCHKMoreInformation</MoreInformation>
        <MoreInformationlink>DisableDefCNSTCHKMoreInformationlink</MoreInformationlink>
      </RuleMetadata>
    </RuleMapping>
    <RuleMapping>
      <FeatureId>CrossDatabaseReferences</FeatureId>
      <RuleMetadata>
        <RuleId>CrossDatabaseReferences</RuleId>
        <Title>CrossDatabaseReferencesTitle</Title>
        <IssueCategory>CrossDatabaseReferencesIssueCategory</IssueCategory>
        <Description>CrossDatabaseReferencesDescription</Description>
        <Recommendation>CrossDatabaseReferencesRecommendation</Recommendation>
        <MoreInformation>CrossDatabaseReferencesMoreInformation</MoreInformation>
        <MoreInformationlink>CrossDatabaseReferencesMoreInformationlink</MoreInformationlink>
      </RuleMetadata>
    </RuleMapping>
    <RuleMapping>
      <FeatureId>RAISERROR</FeatureId>
      <RuleMetadata>
        <RuleId>RAISERROR</RuleId>
        <Title>RAISERRORTitle</Title>
        <IssueCategory>RAISERRORIssueCategory</IssueCategory>
        <Description>RAISERRORDescription</Description>
        <Recommendation>RAISERRORRecommendation</Recommendation>
        <MoreInformation>RAISERRORMoreInformation</MoreInformation>
        <MoreInformationlink>RAISERRORMoreInformationlink</MoreInformationlink>
      </RuleMetadata>
    </RuleMapping>
    <RuleMapping>
      <FeatureId>OpenRowsetWithSQLAndNonSQLProvider</FeatureId>
      <RuleMetadata>
        <RuleId>OpenRowsetWithSQLAndNonSQLProvider</RuleId>
        <Title>OpenRowsetWithSQLAndNonSQLProviderTitle</Title>
        <IssueCategory>OpenRowsetWithSQLAndNonSQLProviderIssueCategory</IssueCategory>
        <Description>OpenRowsetWithSQLAndNonSQLProviderDescription</Description>
        <Recommendation>OpenRowsetWithSQLAndNonSQLProviderRecommendation</Recommendation>
        <MoreInformation>OpenRowsetWithSQLAndNonSQLProviderMoreInformation</MoreInformation>
        <MoreInformationlink>OpenRowsetWithSQLAndNonSQLProviderMoreInformationlink</MoreInformationlink>
      </RuleMetadata>
    </RuleMapping>
	<RuleMapping>
      <FeatureId>DBAGDbSyncSecondaryReplicaCount</FeatureId>
      <RuleMetadata>
        <RuleId>DBAGDbSyncSecondaryReplicaCount</RuleId>
        <Title>DBAGDbSyncSecondaryReplicaCountTitle</Title>
        <IssueCategory>DBAGDbSyncSecondaryReplicaCountIssueCategory</IssueCategory>
        <Description>DBAGDbSyncSecondaryReplicaCountDescription</Description>
        <Recommendation>DBAGDbSyncSecondaryReplicaCountRecommendation</Recommendation>
        <MoreInformation>DBAGDbSyncSecondaryReplicaCountMoreInformation</MoreInformation>
        <MoreInformationlink>DBAGDbSyncSecondaryReplicaCountMoreInformationlink</MoreInformationlink>
      </RuleMetadata>
    </RuleMapping>
	<RuleMapping>
      <FeatureId>DBAGDbAsyncSecondaryReplicaCount</FeatureId>
      <RuleMetadata>
        <RuleId>DBAGDbAsyncSecondaryReplicaCount</RuleId>
        <Title>DBAGDbAsyncSecondaryReplicaCountTitle</Title>
        <IssueCategory>DBAGDbAsyncSecondaryReplicaCountIssueCategory</IssueCategory>
        <Description>DBAGDbAsyncSecondaryReplicaCountDescription</Description>
        <Recommendation>DBAGDbAsyncSecondaryReplicaCountRecommendation</Recommendation>
        <MoreInformation>DBAGDbAsyncSecondaryReplicaCountMoreInformation</MoreInformation>
        <MoreInformationlink>DBAGDbAsyncSecondaryReplicaCountMoreInformationlink</MoreInformationlink>
      </RuleMetadata>
    </RuleMapping>
	<RuleMapping>
      <FeatureId>DBAGDbReadAsyncSecondaryReplicaCount</FeatureId>
      <RuleMetadata>
        <RuleId>DBAGDbReadAsyncSecondaryReplicaCount</RuleId>
        <Title>DBAGDbReadAsyncSecondaryReplicaCountTitle</Title>
        <IssueCategory>DBAGDbReadAsyncSecondaryReplicaCountIssueCategory</IssueCategory>
        <Description>DBAGDbReadAsyncSecondaryReplicaCountDescription</Description>
        <Recommendation>DBAGDbReadAsyncSecondaryReplicaCountRecommendation</Recommendation>
        <MoreInformation>DBAGDbReadAsyncSecondaryReplicaCountMoreInformation</MoreInformation>
        <MoreInformationlink>DBAGDbReadAsyncSecondaryReplicaCountMoreInformationlink</MoreInformationlink>
      </RuleMetadata>
    </RuleMapping>
  </RuleMetadataCollection>
</RuleMetadataStore>