[
  {
    "FileSizeTier": 0,
    "FileSizeMinInGB": 0,
    "FileSizeMaxInGB": 128,
    "IOPSperFile": 500,
    "ThroughputPerFileInMiBperSec": 100
  },
  {
    "FileSizeTier": 1,
    "FileSizeMinInGB": 128,
    "FileSizeMaxInGB": 512,
    "IOPSperFile": 2300,
    "ThroughputPerFileInMiBperSec": 150
  },
  {
    "FileSizeTier": 2,
    "FileSizeMinInGB": 512,
    "FileSizeMaxInGB": 1024,
    "IOPSperFile": 5000,
    "ThroughputPerFileInMiBperSec": 200
  },
  {
    "FileSizeTier": 3,
    "FileSizeMinInGB": 1024,
    "FileSizeMaxInGB": 2048,
    "IOPSperFile": 7500,
    "ThroughputPerFileInMiBperSec": 250
  },
  {
    "FileSizeTier": 4,
    "FileSizeMinInGB": 2048,
    "FileSizeMaxInGB": 4096,
    "IOPSperFile": 7500,
    "ThroughputPerFileInMiBperSec": 250
  },
  {
    "FileSizeTier": 5,
    "FileSizeMinInGB": 4096,
    "FileSizeMaxInGB": 8192,
    "IOPSperFile": 12500,
    "ThroughputPerFileInMiBperSec": 480
  }
]