[
  {
    "name": "SQLDB_BC_Gen5_2",
    "HardwareGen": "Gen5",
    "DocServiceTier": "Business Critical",
    "VCores": 2,
    "minSize_GB": 1,
    "maxSize_GB": 1024,
    "sizeIncrement_GB": 1,
    "Memory_GB": 10.4,
    "TempdbMaxDataSize_GB": 64,
    "MaxDataIOPS": 8000,
    "MaxLogRate_MBps": 24,
    "MaxConcurrentWorkers": 200,
    "elasticPoolMaxSize_GB": 1024,
    "ElasticPool_MaxDataIOPS": 9000,
    "ElasticPool_MaxLogRate_MBps": 30,
    "IOLatencyMinInMs": 1,
    "IOLatencyMaxInMs": 2
  },
  {
    "name": "SQLDB_BC_Gen5_4",
    "HardwareGen": "Gen5",
    "DocServiceTier": "Business Critical",
    "VCores": 4,
    "minSize_GB": 1,
    "maxSize_GB": 1024,
    "sizeIncrement_GB": 1,
    "Memory_GB": 20.8,
    "TempdbMaxDataSize_GB": 128,
    "MaxDataIOPS": 16000,
    "MaxLogRate_MBps": 48,
    "MaxConcurrentWorkers": 400,
    "elasticPoolMaxSize_GB": 1024,
    "ElasticPool_MaxDataIOPS": 18000,
    "ElasticPool_MaxLogRate_MBps": 60,
    "IOLatencyMinInMs": 1,
    "IOLatencyMaxInMs": 2
  },
  {
    "name": "SQLDB_BC_Gen5_6",
    "HardwareGen": "Gen5",
    "DocServiceTier": "Business Critical",
    "VCores": 6,
    "minSize_GB": 1,
    "maxSize_GB": 1536,
    "sizeIncrement_GB": 1,
    "Memory_GB": 31.1,
    "TempdbMaxDataSize_GB": 192,
    "MaxDataIOPS": 24000,
    "MaxLogRate_MBps": 72,
    "MaxConcurrentWorkers": 600,
    "elasticPoolMaxSize_GB": 1536,
    "ElasticPool_MaxDataIOPS": 27000,
    "ElasticPool_MaxLogRate_MBps": 90,
    "IOLatencyMinInMs": 1,
    "IOLatencyMaxInMs": 2
  },
  {
    "name": "SQLDB_BC_Gen5_8",
    "HardwareGen": "Gen5",
    "DocServiceTier": "Business Critical",
    "VCores": 8,
    "minSize_GB": 1,
    "maxSize_GB": 2048,
    "sizeIncrement_GB": 1,
    "Memory_GB": 41.5,
    "TempdbMaxDataSize_GB": 256,
    "MaxDataIOPS": 32000,
    "MaxLogRate_MBps": 96,
    "MaxConcurrentWorkers": 800,
    "elasticPoolMaxSize_GB": 2048,
    "ElasticPool_MaxDataIOPS": 36000,
    "ElasticPool_MaxLogRate_MBps": 120,
    "IOLatencyMinInMs": 1,
    "IOLatencyMaxInMs": 2
  },
  {
    "name": "SQLDB_BC_Gen5_10",
    "HardwareGen": "Gen5",
    "DocServiceTier": "Business Critical",
    "VCores": 10,
    "minSize_GB": 1,
    "maxSize_GB": 2048,
    "sizeIncrement_GB": 1,
    "Memory_GB": 51.9,
    "TempdbMaxDataSize_GB": 320,
    "MaxDataIOPS": 40000,
    "MaxLogRate_MBps": 96,
    "MaxConcurrentWorkers": 1000,
    "elasticPoolMaxSize_GB": 2048,
    "ElasticPool_MaxDataIOPS": 45000,
    "ElasticPool_MaxLogRate_MBps": 120,
    "IOLatencyMinInMs": 1,
    "IOLatencyMaxInMs": 2
  },
  {
    "name": "SQLDB_BC_Gen5_12",
    "HardwareGen": "Gen5",
    "DocServiceTier": "Business Critical",
    "VCores": 12,
    "minSize_GB": 1,
    "maxSize_GB": 3072,
    "sizeIncrement_GB": 1,
    "Memory_GB": 62.3,
    "TempdbMaxDataSize_GB": 384,
    "MaxDataIOPS": 48000,
    "MaxLogRate_MBps": 96,
    "MaxConcurrentWorkers": 1200,
    "elasticPoolMaxSize_GB": 3072,
    "ElasticPool_MaxDataIOPS": 54000,
    "ElasticPool_MaxLogRate_MBps": 120,
    "IOLatencyMinInMs": 1,
    "IOLatencyMaxInMs": 2
  },
  {
    "name": "SQLDB_BC_Gen5_14",
    "HardwareGen": "Gen5",
    "DocServiceTier": "Business Critical",
    "VCores": 14,
    "minSize_GB": 1,
    "maxSize_GB": 3072,
    "sizeIncrement_GB": 1,
    "Memory_GB": 72.7,
    "TempdbMaxDataSize_GB": 448,
    "MaxDataIOPS": 56000,
    "MaxLogRate_MBps": 96,
    "MaxConcurrentWorkers": 1400,
    "elasticPoolMaxSize_GB": 3072,
    "ElasticPool_MaxDataIOPS": 63000,
    "ElasticPool_MaxLogRate_MBps": 120,
    "IOLatencyMinInMs": 1,
    "IOLatencyMaxInMs": 2
  },
  {
    "name": "SQLDB_BC_Gen5_16",
    "HardwareGen": "Gen5",
    "DocServiceTier": "Business Critical",
    "VCores": 16,
    "minSize_GB": 1,
    "maxSize_GB": 3072,
    "sizeIncrement_GB": 1,
    "Memory_GB": 83,
    "TempdbMaxDataSize_GB": 512,
    "MaxDataIOPS": 64000,
    "MaxLogRate_MBps": 96,
    "MaxConcurrentWorkers": 1600,
    "elasticPoolMaxSize_GB": 3072,
    "ElasticPool_MaxDataIOPS": 72000,
    "ElasticPool_MaxLogRate_MBps": 120,
    "IOLatencyMinInMs": 1,
    "IOLatencyMaxInMs": 2
  },
  {
    "name": "SQLDB_BC_Gen5_18",
    "HardwareGen": "Gen5",
    "DocServiceTier": "Business Critical",
    "VCores": 18,
    "minSize_GB": 1,
    "maxSize_GB": 3072,
    "sizeIncrement_GB": 1,
    "Memory_GB": 93.4,
    "TempdbMaxDataSize_GB": 576,
    "MaxDataIOPS": 72000,
    "MaxLogRate_MBps": 96,
    "MaxConcurrentWorkers": 1800,
    "elasticPoolMaxSize_GB": 3072,
    "ElasticPool_MaxDataIOPS": 81000,
    "ElasticPool_MaxLogRate_MBps": 120,
    "IOLatencyMinInMs": 1,
    "IOLatencyMaxInMs": 2
  },
  {
    "name": "SQLDB_BC_Gen5_20",
    "HardwareGen": "Gen5",
    "DocServiceTier": "Business Critical",
    "VCores": 20,
    "minSize_GB": 1,
    "maxSize_GB": 3072,
    "sizeIncrement_GB": 1,
    "Memory_GB": 103.8,
    "TempdbMaxDataSize_GB": 640,
    "MaxDataIOPS": 80000,
    "MaxLogRate_MBps": 96,
    "MaxConcurrentWorkers": 2000,
    "elasticPoolMaxSize_GB": 3072,
    "ElasticPool_MaxDataIOPS": 90000,
    "ElasticPool_MaxLogRate_MBps": 120,
    "IOLatencyMinInMs": 1,
    "IOLatencyMaxInMs": 2
  },
  {
    "name": "SQLDB_BC_Gen5_24",
    "HardwareGen": "Gen5",
    "DocServiceTier": "Business Critical",
    "VCores": 24,
    "minSize_GB": 1,
    "maxSize_GB": 4096,
    "sizeIncrement_GB": 1,
    "Memory_GB": 124.6,
    "TempdbMaxDataSize_GB": 768,
    "MaxDataIOPS": 96000,
    "MaxLogRate_MBps": 96,
    "MaxConcurrentWorkers": 2400,
    "elasticPoolMaxSize_GB": 4096,
    "ElasticPool_MaxDataIOPS": 108000,
    "ElasticPool_MaxLogRate_MBps": 120,
    "IOLatencyMinInMs": 1,
    "IOLatencyMaxInMs": 2
  },
  {
    "name": "SQLDB_BC_Gen5_32",
    "HardwareGen": "Gen5",
    "DocServiceTier": "Business Critical",
    "VCores": 32,
    "minSize_GB": 1,
    "maxSize_GB": 4096,
    "sizeIncrement_GB": 1,
    "Memory_GB": 166.1,
    "TempdbMaxDataSize_GB": 1024,
    "MaxDataIOPS": 128000,
    "MaxLogRate_MBps": 96,
    "MaxConcurrentWorkers": 3200,
    "elasticPoolMaxSize_GB": 4096,
    "ElasticPool_MaxDataIOPS": 144000,
    "ElasticPool_MaxLogRate_MBps": 120,
    "IOLatencyMinInMs": 1,
    "IOLatencyMaxInMs": 2
  },
  {
    "name": "SQLDB_BC_Gen5_40",
    "HardwareGen": "Gen5",
    "DocServiceTier": "Business Critical",
    "VCores": 40,
    "minSize_GB": 1,
    "maxSize_GB": 4096,
    "sizeIncrement_GB": 1,
    "Memory_GB": 207.6,
    "TempdbMaxDataSize_GB": 1280,
    "MaxDataIOPS": 160000,
    "MaxLogRate_MBps": 96,
    "MaxConcurrentWorkers": 4000,
    "elasticPoolMaxSize_GB": 4096,
    "ElasticPool_MaxDataIOPS": 180000,
    "ElasticPool_MaxLogRate_MBps": 120,
    "IOLatencyMinInMs": 1,
    "IOLatencyMaxInMs": 2
  },
  {
    "name": "SQLDB_BC_Gen5_80",
    "HardwareGen": "Gen5",
    "DocServiceTier": "Business Critical",
    "VCores": 80,
    "minSize_GB": 1,
    "maxSize_GB": 4096,
    "sizeIncrement_GB": 1,
    "Memory_GB": 415.2,
    "TempdbMaxDataSize_GB": 2560,
    "MaxDataIOPS": 204800,
    "MaxLogRate_MBps": 96,
    "MaxConcurrentWorkers": 8000,
    "elasticPoolMaxSize_GB": 4096,
    "ElasticPool_MaxDataIOPS": 256000,
    "ElasticPool_MaxLogRate_MBps": 120,
    "IOLatencyMinInMs": 1,
    "IOLatencyMaxInMs": 2
  },
  {
    "name": "SQLDB_BC_Gen5_128",
    "HardwareGen": "Gen5",
    "DocServiceTier": "Business Critical",
    "VCores": 128,
    "minSize_GB": 1,
    "maxSize_GB": 4096,
    "sizeIncrement_GB": 1,
    "Memory_GB": 625,
    "TempdbMaxDataSize_GB": 2560,
    "MaxDataIOPS": 327680,
    "MaxLogRate_MBps": 96,
    "MaxConcurrentWorkers": 12800,
    "elasticPoolMaxSize_GB": 4096,
    "ElasticPool_MaxDataIOPS": 409600,
    "ElasticPool_MaxLogRate_MBps": 120,
    "IOLatencyMinInMs": 1,
    "IOLatencyMaxInMs": 2
  },
  {
    "name": "SQLDB_GP_Gen5_2",
    "HardwareGen": "Gen5",
    "DocServiceTier": "General Purpose",
    "VCores": 2,
    "minSize_GB": 1,
    "maxSize_GB": 1024,
    "sizeIncrement_GB": 1,
    "Memory_GB": 10.4,
    "TempdbMaxDataSize_GB": 64,
    "MaxDataIOPS": 640,
    "MaxLogRate_MBps": 9,
    "MaxConcurrentWorkers": 200,
    "elasticPoolMaxSize_GB": 512,
    "ElasticPool_MaxDataIOPS": 1400,
    "ElasticPool_MaxLogRate_MBps": 12,
    "IOLatencyMinInMs": 5,
    "IOLatencyMaxInMs": 10
  },
  {
    "name": "SQLDB_GP_Gen5_4",
    "HardwareGen": "Gen5",
    "DocServiceTier": "General Purpose",
    "VCores": 4,
    "minSize_GB": 1,
    "maxSize_GB": 1024,
    "sizeIncrement_GB": 1,
    "Memory_GB": 20.8,
    "TempdbMaxDataSize_GB": 128,
    "MaxDataIOPS": 1280,
    "MaxLogRate_MBps": 18,
    "MaxConcurrentWorkers": 400,
    "elasticPoolMaxSize_GB": 756,
    "ElasticPool_MaxDataIOPS": 2800,
    "ElasticPool_MaxLogRate_MBps": 24,
    "IOLatencyMinInMs": 5,
    "IOLatencyMaxInMs": 10
  },
  {
    "name": "SQLDB_GP_Gen5_6",
    "HardwareGen": "Gen5",
    "DocServiceTier": "General Purpose",
    "VCores": 6,
    "minSize_GB": 1,
    "maxSize_GB": 1536,
    "sizeIncrement_GB": 1,
    "Memory_GB": 31.1,
    "TempdbMaxDataSize_GB": 192,
    "MaxDataIOPS": 1920,
    "MaxLogRate_MBps": 27,
    "MaxConcurrentWorkers": 600,
    "elasticPoolMaxSize_GB": 1536,
    "ElasticPool_MaxDataIOPS": 4200,
    "ElasticPool_MaxLogRate_MBps": 36,
    "IOLatencyMinInMs": 5,
    "IOLatencyMaxInMs": 10
  },
  {
    "name": "SQLDB_GP_Gen5_8",
    "HardwareGen": "Gen5",
    "DocServiceTier": "General Purpose",
    "VCores": 8,
    "minSize_GB": 1,
    "maxSize_GB": 2048,
    "sizeIncrement_GB": 1,
    "Memory_GB": 41.5,
    "TempdbMaxDataSize_GB": 256,
    "MaxDataIOPS": 2560,
    "MaxLogRate_MBps": 36,
    "MaxConcurrentWorkers": 800,
    "elasticPoolMaxSize_GB": 2048,
    "ElasticPool_MaxDataIOPS": 5600,
    "ElasticPool_MaxLogRate_MBps": 48,
    "IOLatencyMinInMs": 5,
    "IOLatencyMaxInMs": 10
  },
  {
    "name": "SQLDB_GP_Gen5_10",
    "HardwareGen": "Gen5",
    "DocServiceTier": "General Purpose",
    "VCores": 10,
    "minSize_GB": 1,
    "maxSize_GB": 2048,
    "sizeIncrement_GB": 1,
    "Memory_GB": 51.9,
    "TempdbMaxDataSize_GB": 320,
    "MaxDataIOPS": 3200,
    "MaxLogRate_MBps": 45,
    "MaxConcurrentWorkers": 1000,
    "elasticPoolMaxSize_GB": 2048,
    "ElasticPool_MaxDataIOPS": 7000,
    "ElasticPool_MaxLogRate_MBps": 60,
    "IOLatencyMinInMs": 5,
    "IOLatencyMaxInMs": 10
  },
  {
    "name": "SQLDB_GP_Gen5_12",
    "HardwareGen": "Gen5",
    "DocServiceTier": "General Purpose",
    "VCores": 12,
    "minSize_GB": 1,
    "maxSize_GB": 3072,
    "sizeIncrement_GB": 1,
    "Memory_GB": 62.3,
    "TempdbMaxDataSize_GB": 384,
    "MaxDataIOPS": 3840,
    "MaxLogRate_MBps": 50,
    "MaxConcurrentWorkers": 1200,
    "elasticPoolMaxSize_GB": 2048,
    "ElasticPool_MaxDataIOPS": 8400,
    "ElasticPool_MaxLogRate_MBps": 62.5,
    "IOLatencyMinInMs": 5,
    "IOLatencyMaxInMs": 10
  },
  {
    "name": "SQLDB_GP_Gen5_14",
    "HardwareGen": "Gen5",
    "DocServiceTier": "General Purpose",
    "VCores": 14,
    "minSize_GB": 1,
    "maxSize_GB": 3072,
    "sizeIncrement_GB": 1,
    "Memory_GB": 72.7,
    "TempdbMaxDataSize_GB": 448,
    "MaxDataIOPS": 4480,
    "MaxLogRate_MBps": 50,
    "MaxConcurrentWorkers": 1400,
    "elasticPoolMaxSize_GB": 2048,
    "ElasticPool_MaxDataIOPS": 9800,
    "ElasticPool_MaxLogRate_MBps": 62.5,
    "IOLatencyMinInMs": 5,
    "IOLatencyMaxInMs": 10
  },
  {
    "name": "SQLDB_GP_Gen5_16",
    "HardwareGen": "Gen5",
    "DocServiceTier": "General Purpose",
    "VCores": 16,
    "minSize_GB": 1,
    "maxSize_GB": 3072,
    "sizeIncrement_GB": 1,
    "Memory_GB": 83,
    "TempdbMaxDataSize_GB": 512,
    "MaxDataIOPS": 5120,
    "MaxLogRate_MBps": 50,
    "MaxConcurrentWorkers": 1600,
    "elasticPoolMaxSize_GB": 2048,
    "ElasticPool_MaxDataIOPS": 11200,
    "ElasticPool_MaxLogRate_MBps": 62.5,
    "IOLatencyMinInMs": 5,
    "IOLatencyMaxInMs": 10
  },
  {
    "name": "SQLDB_GP_Gen5_18",
    "HardwareGen": "Gen5",
    "DocServiceTier": "General Purpose",
    "VCores": 18,
    "minSize_GB": 1,
    "maxSize_GB": 3072,
    "sizeIncrement_GB": 1,
    "Memory_GB": 93.4,
    "TempdbMaxDataSize_GB": 576,
    "MaxDataIOPS": 5760,
    "MaxLogRate_MBps": 50,
    "MaxConcurrentWorkers": 1800,
    "elasticPoolMaxSize_GB": 3072,
    "ElasticPool_MaxDataIOPS": 12600,
    "ElasticPool_MaxLogRate_MBps": 62.5,
    "IOLatencyMinInMs": 5,
    "IOLatencyMaxInMs": 10
  },
  {
    "name": "SQLDB_GP_Gen5_20",
    "HardwareGen": "Gen5",
    "DocServiceTier": "General Purpose",
    "VCores": 20,
    "minSize_GB": 1,
    "maxSize_GB": 3072,
    "sizeIncrement_GB": 1,
    "Memory_GB": 103.8,
    "TempdbMaxDataSize_GB": 640,
    "MaxDataIOPS": 6400,
    "MaxLogRate_MBps": 50,
    "MaxConcurrentWorkers": 2000,
    "elasticPoolMaxSize_GB": 3072,
    "ElasticPool_MaxDataIOPS": 14000,
    "ElasticPool_MaxLogRate_MBps": 62.5,
    "IOLatencyMinInMs": 5,
    "IOLatencyMaxInMs": 10
  },
  {
    "name": "SQLDB_GP_Gen5_24",
    "HardwareGen": "Gen5",
    "DocServiceTier": "General Purpose",
    "VCores": 24,
    "minSize_GB": 1,
    "maxSize_GB": 4096,
    "sizeIncrement_GB": 1,
    "Memory_GB": 124.6,
    "TempdbMaxDataSize_GB": 768,
    "MaxDataIOPS": 7680,
    "MaxLogRate_MBps": 50,
    "MaxConcurrentWorkers": 2400,
    "elasticPoolMaxSize_GB": 3072,
    "ElasticPool_MaxDataIOPS": 16800,
    "ElasticPool_MaxLogRate_MBps": 62.5,
    "IOLatencyMinInMs": 5,
    "IOLatencyMaxInMs": 10
  },
  {
    "name": "SQLDB_GP_Gen5_32",
    "HardwareGen": "Gen5",
    "DocServiceTier": "General Purpose",
    "VCores": 32,
    "minSize_GB": 1,
    "maxSize_GB": 4096,
    "sizeIncrement_GB": 1,
    "Memory_GB": 166.1,
    "TempdbMaxDataSize_GB": 1024,
    "MaxDataIOPS": 10240,
    "MaxLogRate_MBps": 50,
    "MaxConcurrentWorkers": 3200,
    "elasticPoolMaxSize_GB": 4096,
    "ElasticPool_MaxDataIOPS": 22400,
    "ElasticPool_MaxLogRate_MBps": 62.5,
    "IOLatencyMinInMs": 5,
    "IOLatencyMaxInMs": 10
  },
  {
    "name": "SQLDB_GP_Gen5_40",
    "HardwareGen": "Gen5",
    "DocServiceTier": "General Purpose",
    "VCores": 40,
    "minSize_GB": 1,
    "maxSize_GB": 4096,
    "sizeIncrement_GB": 1,
    "Memory_GB": 207.6,
    "TempdbMaxDataSize_GB": 1280,
    "MaxDataIOPS": 12800,
    "MaxLogRate_MBps": 50,
    "MaxConcurrentWorkers": 4000,
    "elasticPoolMaxSize_GB": 4096,
    "ElasticPool_MaxDataIOPS": 28000,
    "ElasticPool_MaxLogRate_MBps": 62.5,
    "IOLatencyMinInMs": 5,
    "IOLatencyMaxInMs": 10
  },
  {
    "name": "SQLDB_GP_Gen5_80",
    "HardwareGen": "Gen5",
    "DocServiceTier": "General Purpose",
    "VCores": 80,
    "minSize_GB": 1,
    "maxSize_GB": 4096,
    "sizeIncrement_GB": 1,
    "Memory_GB": 415.2,
    "TempdbMaxDataSize_GB": 2560,
    "MaxDataIOPS": 12800,
    "MaxLogRate_MBps": 50,
    "MaxConcurrentWorkers": 8000,
    "elasticPoolMaxSize_GB": 4096,
    "ElasticPool_MaxDataIOPS": 32000,
    "ElasticPool_MaxLogRate_MBps": 62.5,
    "IOLatencyMinInMs": 5,
    "IOLatencyMaxInMs": 10
  },
  {
    "name": "SQLDB_GP_Gen5_128",
    "HardwareGen": "Gen5",
    "DocServiceTier": "General Purpose",
    "VCores": 128,
    "minSize_GB": 1,
    "maxSize_GB": 4096,
    "sizeIncrement_GB": 1,
    "Memory_GB": 625,
    "TempdbMaxDataSize_GB": 2560,
    "MaxDataIOPS": 16000,
    "MaxLogRate_MBps": 50,
    "MaxConcurrentWorkers": 12800,
    "elasticPoolMaxSize_GB": 4096,
    "ElasticPool_MaxDataIOPS": 40000,
    "ElasticPool_MaxLogRate_MBps": 62.5,
    "IOLatencyMinInMs": 5,
    "IOLatencyMaxInMs": 10
  },
  {
    "name": "SQLDB_HS_Gen5_2",
    "docServiceTier": "Hyperscale",
    "HardwareGen": "Gen5",
    "VCores": 2,
    "minSize_GB": 40,
    "maxSize_GB": 102400,
    "sizeIncrement_GB": 10,
    "Memory_GB": 10.4,
    "TempdbMaxDataSize_GB": 64,
    "MaxDataIOPS": 8000,
    "MaxLogRate_MBps": 100,
    "MaxConcurrentWorkers": 200,
    "IOLatencyMinInMs": 1,
    "IOLatencyMaxInMs": 6
  },
  {
    "name": "SQLDB_HS_Gen5_4",
    "docServiceTier": "Hyperscale",
    "HardwareGen": "Gen5",
    "VCores": 4,
    "minSize_GB": 40,
    "maxSize_GB": 102400,
    "sizeIncrement_GB": 10,
    "Memory_GB": 20.8,
    "TempdbMaxDataSize_GB": 128,
    "MaxDataIOPS": 16000,
    "MaxLogRate_MBps": 100,
    "MaxConcurrentWorkers": 400,
    "IOLatencyMinInMs": 1,
    "IOLatencyMaxInMs": 6
  },
  {
    "name": "SQLDB_HS_Gen5_6",
    "docServiceTier": "Hyperscale",
    "HardwareGen": "Gen5",
    "VCores": 6,
    "minSize_GB": 40,
    "maxSize_GB": 102400,
    "sizeIncrement_GB": 10,
    "Memory_GB": 31.1,
    "TempdbMaxDataSize_GB": 192,
    "MaxDataIOPS": 24000,
    "MaxLogRate_MBps": 100,
    "MaxConcurrentWorkers": 600,
    "IOLatencyMinInMs": 1,
    "IOLatencyMaxInMs": 6
  },
  {
    "name": "SQLDB_HS_Gen5_8",
    "docServiceTier": "Hyperscale",
    "HardwareGen": "Gen5",
    "VCores": 8,
    "minSize_GB": 40,
    "maxSize_GB": 102400,
    "sizeIncrement_GB": 10,
    "Memory_GB": 41.5,
    "TempdbMaxDataSize_GB": 256,
    "MaxDataIOPS": 32000,
    "MaxLogRate_MBps": 100,
    "MaxConcurrentWorkers": 800,
    "IOLatencyMinInMs": 1,
    "IOLatencyMaxInMs": 6
  },
  {
    "name": "SQLDB_HS_Gen5_10",
    "docServiceTier": "Hyperscale",
    "HardwareGen": "Gen5",
    "VCores": 10,
    "minSize_GB": 40,
    "maxSize_GB": 102400,
    "sizeIncrement_GB": 10,
    "Memory_GB": 51.9,
    "TempdbMaxDataSize_GB": 320,
    "MaxDataIOPS": 40000,
    "MaxLogRate_MBps": 100,
    "MaxConcurrentWorkers": 1000,
    "IOLatencyMinInMs": 1,
    "IOLatencyMaxInMs": 6
  },
  {
    "name": "SQLDB_HS_Gen5_12",
    "docServiceTier": "Hyperscale",
    "HardwareGen": "Gen5",
    "VCores": 12,
    "minSize_GB": 40,
    "maxSize_GB": 102400,
    "sizeIncrement_GB": 10,
    "Memory_GB": 62.3,
    "TempdbMaxDataSize_GB": 384,
    "MaxDataIOPS": 48000,
    "MaxLogRate_MBps": 100,
    "MaxConcurrentWorkers": 1200,
    "IOLatencyMinInMs": 1,
    "IOLatencyMaxInMs": 6
  },
  {
    "name": "SQLDB_HS_Gen5_14",
    "docServiceTier": "Hyperscale",
    "HardwareGen": "Gen5",
    "VCores": 14,
    "minSize_GB": 40,
    "maxSize_GB": 102400,
    "sizeIncrement_GB": 10,
    "Memory_GB": 72.7,
    "TempdbMaxDataSize_GB": 448,
    "MaxDataIOPS": 56000,
    "MaxLogRate_MBps": 100,
    "MaxConcurrentWorkers": 1400,
    "IOLatencyMinInMs": 1,
    "IOLatencyMaxInMs": 6
  },
  {
    "name": "SQLDB_HS_Gen5_16",
    "docServiceTier": "Hyperscale",
    "HardwareGen": "Gen5",
    "VCores": 16,
    "minSize_GB": 40,
    "maxSize_GB": 102400,
    "sizeIncrement_GB": 10,
    "Memory_GB": 83,
    "TempdbMaxDataSize_GB": 512,
    "MaxDataIOPS": 64000,
    "MaxLogRate_MBps": 100,
    "MaxConcurrentWorkers": 1600,
    "IOLatencyMinInMs": 1,
    "IOLatencyMaxInMs": 6
  },
  {
    "name": "SQLDB_HS_Gen5_18",
    "docServiceTier": "Hyperscale",
    "HardwareGen": "Gen5",
    "VCores": 18,
    "minSize_GB": 40,
    "maxSize_GB": 102400,
    "sizeIncrement_GB": 10,
    "Memory_GB": 93.4,
    "TempdbMaxDataSize_GB": 576,
    "MaxDataIOPS": 72000,
    "MaxLogRate_MBps": 100,
    "MaxConcurrentWorkers": 1800,
    "IOLatencyMinInMs": 1,
    "IOLatencyMaxInMs": 6
  },
  {
    "name": "SQLDB_HS_Gen5_20",
    "docServiceTier": "Hyperscale",
    "HardwareGen": "Gen5",
    "VCores": 20,
    "minSize_GB": 40,
    "maxSize_GB": 102400,
    "sizeIncrement_GB": 10,
    "Memory_GB": 103.8,
    "TempdbMaxDataSize_GB": 640,
    "MaxDataIOPS": 80000,
    "MaxLogRate_MBps": 100,
    "MaxConcurrentWorkers": 2000,
    "IOLatencyMinInMs": 1,
    "IOLatencyMaxInMs": 6
  },
  {
    "name": "SQLDB_HS_Gen5_24",
    "docServiceTier": "Hyperscale",
    "HardwareGen": "Gen5",
    "VCores": 24,
    "minSize_GB": 40,
    "maxSize_GB": 102400,
    "sizeIncrement_GB": 10,
    "Memory_GB": 124.6,
    "TempdbMaxDataSize_GB": 768,
    "MaxDataIOPS": 96000,
    "MaxLogRate_MBps": 100,
    "MaxConcurrentWorkers": 2400,
    "IOLatencyMinInMs": 1,
    "IOLatencyMaxInMs": 6
  },
  {
    "name": "SQLDB_HS_Gen5_32",
    "docServiceTier": "Hyperscale",
    "HardwareGen": "Gen5",
    "VCores": 32,
    "minSize_GB": 40,
    "maxSize_GB": 102400,
    "sizeIncrement_GB": 10,
    "Memory_GB": 166.1,
    "TempdbMaxDataSize_GB": 1024,
    "MaxDataIOPS": 128000,
    "MaxLogRate_MBps": 100,
    "MaxConcurrentWorkers": 3200,
    "IOLatencyMinInMs": 1,
    "IOLatencyMaxInMs": 6
  },
  {
    "name": "SQLDB_HS_Gen5_40",
    "docServiceTier": "Hyperscale",
    "HardwareGen": "Gen5",
    "VCores": 40,
    "minSize_GB": 40,
    "maxSize_GB": 102400,
    "sizeIncrement_GB": 10,
    "Memory_GB": 207.6,
    "TempdbMaxDataSize_GB": 1280,
    "MaxDataIOPS": 160000,
    "MaxLogRate_MBps": 100,
    "MaxConcurrentWorkers": 4000,
    "IOLatencyMinInMs": 1,
    "IOLatencyMaxInMs": 6
  },
  {
    "name": "SQLDB_HS_Gen5_80",
    "docServiceTier": "Hyperscale",
    "HardwareGen": "Gen5",
    "VCores": 80,
    "minSize_GB": 40,
    "maxSize_GB": 102400,
    "sizeIncrement_GB": 10,
    "Memory_GB": 415.2,
    "TempdbMaxDataSize_GB": 2560,
    "MaxDataIOPS": 204800,
    "MaxLogRate_MBps": 100,
    "MaxConcurrentWorkers": 8000,
    "IOLatencyMinInMs": 1,
    "IOLatencyMaxInMs": 6
  },
  {
    "name": "SQLDB_HS_MOPRMS_2",
    "DocServiceTier": "Hyperscale",
    "HardwareGen": "Premium Series - Memory Optimized",
    "VCores": 2,
    "minsize_GB": 40,
    "maxSize_GB": 102400,
    "sizeIncrement_GB": 10,
    "Memory_GB": 20.8,
    "TempdbMaxDataSize_GB": 64.0,
    "MaxDataIOPS": 10240,
    "MaxLogRate_MBps": 105.0,
    "MaxConcurrentWorkers": 200,
    "IOLatencyMinInMs": 1,
    "IOLatencyMaxInMs": 5
  },
  {
    "name": "SQLDB_HS_PRMS_2",
    "DocServiceTier": "Hyperscale",
    "HardwareGen": "Premium Series",
    "VCores": 2,
    "minsize_GB": 40,
    "maxSize_GB": 102400,
    "sizeIncrement_GB": 10,
    "Memory_GB": 10.4,
    "TempdbMaxDataSize_GB": 64.0,
    "MaxDataIOPS": 8000,
    "MaxLogRate_MBps": 105.0,
    "MaxConcurrentWorkers": 200,
    "IOLatencyMinInMs": 1,
    "IOLatencyMaxInMs": 5
  },
  {
    "name": "SQLDB_HS_MOPRMS_4",
    "DocServiceTier": "Hyperscale",
    "HardwareGen": "Premium Series - Memory Optimized",
    "VCores": 4,
    "minsize_GB": 40,
    "maxSize_GB": 102400,
    "sizeIncrement_GB": 10,
    "Memory_GB": 41.5,
    "TempdbMaxDataSize_GB": 128.0,
    "MaxDataIOPS": 20480,
    "MaxLogRate_MBps": 105.0,
    "MaxConcurrentWorkers": 400,
    "IOLatencyMinInMs": 1,
    "IOLatencyMaxInMs": 5
  },
  {
    "name": "SQLDB_HS_PRMS_4",
    "DocServiceTier": "Hyperscale",
    "HardwareGen": "Premium Series",
    "VCores": 4,
    "minsize_GB": 40,
    "maxSize_GB": 102400,
    "sizeIncrement_GB": 10,
    "Memory_GB": 20.8,
    "TempdbMaxDataSize_GB": 128.0,
    "MaxDataIOPS": 16000,
    "MaxLogRate_MBps": 105.0,
    "MaxConcurrentWorkers": 400,
    "IOLatencyMinInMs": 1,
    "IOLatencyMaxInMs": 5
  },
  {
    "name": "SQLDB_HS_MOPRMS_6",
    "DocServiceTier": "Hyperscale",
    "HardwareGen": "Premium Series - Memory Optimized",
    "VCores": 6,
    "minsize_GB": 40,
    "maxSize_GB": 102400,
    "sizeIncrement_GB": 10,
    "Memory_GB": 62.3,
    "TempdbMaxDataSize_GB": 192.0,
    "MaxDataIOPS": 30720,
    "MaxLogRate_MBps": 105.0,
    "MaxConcurrentWorkers": 600,
    "IOLatencyMinInMs": 1,
    "IOLatencyMaxInMs": 5
  },
  {
    "name": "SQLDB_HS_PRMS_6",
    "DocServiceTier": "Hyperscale",
    "HardwareGen": "Premium Series",
    "VCores": 6,
    "minsize_GB": 40,
    "maxSize_GB": 102400,
    "sizeIncrement_GB": 10,
    "Memory_GB": 31.1,
    "TempdbMaxDataSize_GB": 192.0,
    "MaxDataIOPS": 24000,
    "MaxLogRate_MBps": 105.0,
    "MaxConcurrentWorkers": 600,
    "IOLatencyMinInMs": 1,
    "IOLatencyMaxInMs": 5
  },
  {
    "name": "SQLDB_HS_MOPRMS_8",
    "DocServiceTier": "Hyperscale",
    "HardwareGen": "Premium Series - Memory Optimized",
    "VCores": 8,
    "minsize_GB": 40,
    "maxSize_GB": 102400,
    "sizeIncrement_GB": 10,
    "Memory_GB": 83.0,
    "TempdbMaxDataSize_GB": 256.0,
    "MaxDataIOPS": 40960,
    "MaxLogRate_MBps": 105.0,
    "MaxConcurrentWorkers": 800,
    "IOLatencyMinInMs": 1,
    "IOLatencyMaxInMs": 5
  },
  {
    "name": "SQLDB_HS_PRMS_8",
    "DocServiceTier": "Hyperscale",
    "HardwareGen": "Premium Series",
    "VCores": 8,
    "minsize_GB": 40,
    "maxSize_GB": 102400,
    "sizeIncrement_GB": 10,
    "Memory_GB": 41.5,
    "TempdbMaxDataSize_GB": 256.0,
    "MaxDataIOPS": 32000,
    "MaxLogRate_MBps": 105.0,
    "MaxConcurrentWorkers": 800,
    "IOLatencyMinInMs": 1,
    "IOLatencyMaxInMs": 5
  },
  {
    "name": "SQLDB_HS_MOPRMS_10",
    "DocServiceTier": "Hyperscale",
    "HardwareGen": "Premium Series - Memory Optimized",
    "VCores": 10,
    "minsize_GB": 40,
    "maxSize_GB": 102400,
    "sizeIncrement_GB": 10,
    "Memory_GB": 103.8,
    "TempdbMaxDataSize_GB": 320.0,
    "MaxDataIOPS": 51200,
    "MaxLogRate_MBps": 105.0,
    "MaxConcurrentWorkers": 1000,
    "IOLatencyMinInMs": 1,
    "IOLatencyMaxInMs": 5
  },
  {
    "name": "SQLDB_HS_PRMS_10",
    "DocServiceTier": "Hyperscale",
    "HardwareGen": "Premium Series",
    "VCores": 10,
    "minsize_GB": 40,
    "maxSize_GB": 102400,
    "sizeIncrement_GB": 10,
    "Memory_GB": 51.9,
    "TempdbMaxDataSize_GB": 320.0,
    "MaxDataIOPS": 40000,
    "MaxLogRate_MBps": 105.0,
    "MaxConcurrentWorkers": 1000,
    "IOLatencyMinInMs": 1,
    "IOLatencyMaxInMs": 5
  },
  {
    "name": "SQLDB_HS_MOPRMS_12",
    "DocServiceTier": "Hyperscale",
    "HardwareGen": "Premium Series - Memory Optimized",
    "VCores": 12,
    "minsize_GB": 40,
    "maxSize_GB": 102400,
    "sizeIncrement_GB": 10,
    "Memory_GB": 124.6,
    "TempdbMaxDataSize_GB": 384.0,
    "MaxDataIOPS": 61440,
    "MaxLogRate_MBps": 105.0,
    "MaxConcurrentWorkers": 1200,
    "IOLatencyMinInMs": 1,
    "IOLatencyMaxInMs": 5
  },
  {
    "name": "SQLDB_HS_PRMS_12",
    "DocServiceTier": "Hyperscale",
    "HardwareGen": "Premium Series",
    "VCores": 12,
    "minsize_GB": 40,
    "maxSize_GB": 102400,
    "sizeIncrement_GB": 10,
    "Memory_GB": 62.3,
    "TempdbMaxDataSize_GB": 384.0,
    "MaxDataIOPS": 48000,
    "MaxLogRate_MBps": 105.0,
    "MaxConcurrentWorkers": 1200,
    "IOLatencyMinInMs": 1,
    "IOLatencyMaxInMs": 5
  },
  {
    "name": "SQLDB_HS_MOPRMS_14",
    "DocServiceTier": "Hyperscale",
    "HardwareGen": "Premium Series - Memory Optimized",
    "VCores": 14,
    "minsize_GB": 40,
    "maxSize_GB": 102400,
    "sizeIncrement_GB": 10,
    "Memory_GB": 145.3,
    "TempdbMaxDataSize_GB": 448.0,
    "MaxDataIOPS": 71680,
    "MaxLogRate_MBps": 105.0,
    "MaxConcurrentWorkers": 1400,
    "IOLatencyMinInMs": 1,
    "IOLatencyMaxInMs": 5
  },
  {
    "name": "SQLDB_HS_PRMS_14",
    "DocServiceTier": "Hyperscale",
    "HardwareGen": "Premium Series",
    "VCores": 14,
    "minsize_GB": 40,
    "maxSize_GB": 102400,
    "sizeIncrement_GB": 10,
    "Memory_GB": 72.7,
    "TempdbMaxDataSize_GB": 448.0,
    "MaxDataIOPS": 56000,
    "MaxLogRate_MBps": 105.0,
    "MaxConcurrentWorkers": 1400,
    "IOLatencyMinInMs": 1,
    "IOLatencyMaxInMs": 5
  },
  {
    "name": "SQLDB_HS_MOPRMS_16",
    "DocServiceTier": "Hyperscale",
    "HardwareGen": "Premium Series - Memory Optimized",
    "VCores": 16,
    "minsize_GB": 40,
    "maxSize_GB": 102400,
    "sizeIncrement_GB": 10,
    "Memory_GB": 166.1,
    "TempdbMaxDataSize_GB": 512.0,
    "MaxDataIOPS": 81920,
    "MaxLogRate_MBps": 105.0,
    "MaxConcurrentWorkers": 1600,
    "IOLatencyMinInMs": 1,
    "IOLatencyMaxInMs": 5
  },
  {
    "name": "SQLDB_HS_PRMS_16",
    "DocServiceTier": "Hyperscale",
    "HardwareGen": "Premium Series",
    "VCores": 16,
    "minsize_GB": 40,
    "maxSize_GB": 102400,
    "sizeIncrement_GB": 10,
    "Memory_GB": 83.0,
    "TempdbMaxDataSize_GB": 512.0,
    "MaxDataIOPS": 64000,
    "MaxLogRate_MBps": 105.0,
    "MaxConcurrentWorkers": 1600,
    "IOLatencyMinInMs": 1,
    "IOLatencyMaxInMs": 5
  },
  {
    "name": "SQLDB_HS_MOPRMS_18",
    "DocServiceTier": "Hyperscale",
    "HardwareGen": "Premium Series - Memory Optimized",
    "VCores": 18,
    "minsize_GB": 40,
    "maxSize_GB": 102400,
    "sizeIncrement_GB": 10,
    "Memory_GB": 186.9,
    "TempdbMaxDataSize_GB": 576.0,
    "MaxDataIOPS": 92160,
    "MaxLogRate_MBps": 105.0,
    "MaxConcurrentWorkers": 1800,
    "IOLatencyMinInMs": 1,
    "IOLatencyMaxInMs": 5
  },
  {
    "name": "SQLDB_HS_PRMS_18",
    "DocServiceTier": "Hyperscale",
    "HardwareGen": "Premium Series",
    "VCores": 18,
    "minsize_GB": 40,
    "maxSize_GB": 102400,
    "sizeIncrement_GB": 10,
    "Memory_GB": 93.4,
    "TempdbMaxDataSize_GB": 576.0,
    "MaxDataIOPS": 72000,
    "MaxLogRate_MBps": 105.0,
    "MaxConcurrentWorkers": 1800,
    "IOLatencyMinInMs": 1,
    "IOLatencyMaxInMs": 5
  },
  {
    "name": "SQLDB_HS_MOPRMS_20",
    "DocServiceTier": "Hyperscale",
    "HardwareGen": "Premium Series - Memory Optimized",
    "VCores": 20,
    "minsize_GB": 40,
    "maxSize_GB": 102400,
    "sizeIncrement_GB": 10,
    "Memory_GB": 207.6,
    "TempdbMaxDataSize_GB": 640.0,
    "MaxDataIOPS": 102400,
    "MaxLogRate_MBps": 105.0,
    "MaxConcurrentWorkers": 2000,
    "IOLatencyMinInMs": 1,
    "IOLatencyMaxInMs": 5
  },
  {
    "name": "SQLDB_HS_PRMS_20",
    "DocServiceTier": "Hyperscale",
    "HardwareGen": "Premium Series",
    "VCores": 20,
    "minsize_GB": 40,
    "maxSize_GB": 102400,
    "sizeIncrement_GB": 10,
    "Memory_GB": 103.8,
    "TempdbMaxDataSize_GB": 640.0,
    "MaxDataIOPS": 80000,
    "MaxLogRate_MBps": 105.0,
    "MaxConcurrentWorkers": 2000,
    "IOLatencyMinInMs": 1,
    "IOLatencyMaxInMs": 5
  },
  {
    "name": "SQLDB_HS_MOPRMS_24",
    "DocServiceTier": "Hyperscale",
    "HardwareGen": "Premium Series - Memory Optimized",
    "VCores": 24,
    "minsize_GB": 40,
    "maxSize_GB": 102400,
    "sizeIncrement_GB": 10,
    "Memory_GB": 249.1,
    "TempdbMaxDataSize_GB": 768.0,
    "MaxDataIOPS": 122880,
    "MaxLogRate_MBps": 105.0,
    "MaxConcurrentWorkers": 2400,
    "IOLatencyMinInMs": 1,
    "IOLatencyMaxInMs": 5
  },
  {
    "name": "SQLDB_HS_PRMS_24",
    "DocServiceTier": "Hyperscale",
    "HardwareGen": "Premium Series",
    "VCores": 24,
    "minsize_GB": 40,
    "maxSize_GB": 102400,
    "sizeIncrement_GB": 10,
    "Memory_GB": 124.6,
    "TempdbMaxDataSize_GB": 768.0,
    "MaxDataIOPS": 96000,
    "MaxLogRate_MBps": 105.0,
    "MaxConcurrentWorkers": 2400,
    "IOLatencyMinInMs": 1,
    "IOLatencyMaxInMs": 5
  },
  {
    "name": "SQLDB_HS_MOPRMS_32",
    "DocServiceTier": "Hyperscale",
    "HardwareGen": "Premium Series - Memory Optimized",
    "VCores": 32,
    "minsize_GB": 40,
    "maxSize_GB": 102400,
    "sizeIncrement_GB": 10,
    "Memory_GB": 332.2,
    "TempdbMaxDataSize_GB": 1024.0,
    "MaxDataIOPS": 163840,
    "MaxLogRate_MBps": 105.0,
    "MaxConcurrentWorkers": 3200,
    "IOLatencyMinInMs": 1,
    "IOLatencyMaxInMs": 5
  },
  {
    "name": "SQLDB_HS_PRMS_32",
    "DocServiceTier": "Hyperscale",
    "HardwareGen": "Premium Series",
    "VCores": 32,
    "minsize_GB": 40,
    "maxSize_GB": 102400,
    "sizeIncrement_GB": 10,
    "Memory_GB": 166.1,
    "TempdbMaxDataSize_GB": 1024.0,
    "MaxDataIOPS": 128000,
    "MaxLogRate_MBps": 105.0,
    "MaxConcurrentWorkers": 3200,
    "IOLatencyMinInMs": 1,
    "IOLatencyMaxInMs": 5
  },
  {
    "name": "SQLDB_HS_MOPRMS_40",
    "DocServiceTier": "Hyperscale",
    "HardwareGen": "Premium Series - Memory Optimized",
    "VCores": 40,
    "minsize_GB": 40,
    "maxSize_GB": 102400,
    "sizeIncrement_GB": 10,
    "Memory_GB": 415.2,
    "TempdbMaxDataSize_GB": 1280.0,
    "MaxDataIOPS": 204800,
    "MaxLogRate_MBps": 105.0,
    "MaxConcurrentWorkers": 4000,
    "IOLatencyMinInMs": 1,
    "IOLatencyMaxInMs": 5
  },
  {
    "name": "SQLDB_HS_PRMS_40",
    "DocServiceTier": "Hyperscale",
    "HardwareGen": "Premium Series",
    "VCores": 40,
    "minsize_GB": 40,
    "maxSize_GB": 102400,
    "sizeIncrement_GB": 10,
    "Memory_GB": 207.6,
    "TempdbMaxDataSize_GB": 1280.0,
    "MaxDataIOPS": 160000,
    "MaxLogRate_MBps": 105.0,
    "MaxConcurrentWorkers": 4000,
    "IOLatencyMinInMs": 1,
    "IOLatencyMaxInMs": 5
  },
  {
    "name": "SQLDB_HS_MOPRMS_64",
    "DocServiceTier": "Hyperscale",
    "HardwareGen": "Premium Series - Memory Optimized",
    "VCores": 64,
    "minsize_GB": 40,
    "maxSize_GB": 102400,
    "sizeIncrement_GB": 10,
    "Memory_GB": 664.4,
    "TempdbMaxDataSize_GB": 2048.0,
    "MaxDataIOPS": 327680,
    "MaxLogRate_MBps": 105.0,
    "MaxConcurrentWorkers": 6400,
    "IOLatencyMinInMs": 1,
    "IOLatencyMaxInMs": 5
  },
  {
    "name": "SQLDB_HS_PRMS_64",
    "DocServiceTier": "Hyperscale",
    "HardwareGen": "Premium Series",
    "VCores": 64,
    "minsize_GB": 40,
    "maxSize_GB": 102400,
    "sizeIncrement_GB": 10,
    "Memory_GB": 332.2,
    "TempdbMaxDataSize_GB": 2048.0,
    "MaxDataIOPS": 256000,
    "MaxLogRate_MBps": 105.0,
    "MaxConcurrentWorkers": 6400,
    "IOLatencyMinInMs": 1,
    "IOLatencyMaxInMs": 5
  },
  {
    "name": "SQLDB_HS_MOPRMS_80",
    "DocServiceTier": "Hyperscale",
    "HardwareGen": "Premium Series - Memory Optimized",
    "VCores": 80,
    "minsize_GB": 40,
    "maxSize_GB": 102400,
    "sizeIncrement_GB": 10,
    "Memory_GB": 830.5,
    "TempdbMaxDataSize_GB": 2560.0,
    "MaxDataIOPS": 327680,
    "MaxLogRate_MBps": 105.0,
    "MaxConcurrentWorkers": 8000,
    "IOLatencyMinInMs": 1,
    "IOLatencyMaxInMs": 5
  },
  {
    "name": "SQLDB_HS_PRMS_80",
    "DocServiceTier": "Hyperscale",
    "HardwareGen": "Premium Series",
    "VCores": 80,
    "minsize_GB": 40,
    "maxSize_GB": 102400,
    "sizeIncrement_GB": 10,
    "Memory_GB": 415.2,
    "TempdbMaxDataSize_GB": 2560.0,
    "MaxDataIOPS": 320000,
    "MaxLogRate_MBps": 105.0,
    "MaxConcurrentWorkers": 8000,
    "IOLatencyMinInMs": 1,
    "IOLatencyMaxInMs": 5
  },
  {
    "name": "SQLDB_HS_PRMS_128",
    "DocServiceTier": "Hyperscale",
    "HardwareGen": "Premium Series",
    "VCores": 128,
    "minsize_GB": 40,
    "maxSize_GB": 102400,
    "sizeIncrement_GB": 10,
    "Memory_GB": 625.0,
    "TempdbMaxDataSize_GB": 4096.0,
    "MaxDataIOPS": 327680,
    "MaxLogRate_MBps": 105.0,
    "MaxConcurrentWorkers": 12800,
    "IOLatencyMinInMs": 1,
    "IOLatencyMaxInMs": 5
  }
]