﻿<?xml version="1.0" encoding="utf-8"?>
<RuleMetadataStore>
  <RuleMetadataCollection targetType="SqlServer" resourceBase="Microsoft.SqlServer.Migration.Assessment.SqlServerRuleResources" resourceAssembly="Microsoft.SqlServer.Migration.Assessment">
    <RuleMapping>
      <FeatureId>ForBrowseView</FeatureId>
      <RuleMetadata>
        <RuleId>ForBrowseView</RuleId>
        <Title>ForBrowseViewTitle</Title>
        <IssueCategory>ForBrowseViewIssueCategory</IssueCategory>
        <Description>ForBrowseViewDescription</Description>
        <Recommendation>ForBrowseViewRecommendation</Recommendation>
        <CompatibilityLevel>CompatLevel90</CompatibilityLevel>
        <MoreInformation>ForBrowseViewMoreInformation</MoreInformation>
        <MoreInformationlink>ForBrowseViewMoreInformationlink</MoreInformationlink>
      </RuleMetadata>
    </RuleMapping>
    <RuleMapping>
      <FeatureId>DBCC</FeatureId>
      <RuleMetadata>
        <RuleId>DBCC</RuleId>
        <Title>DBCCTitle</Title>
        <IssueCategory>DBCCIssueCategory</IssueCategory>
        <Description>DBCCDescription</Description>
        <Recommendation>DBCCRecommendation</Recommendation>
        <CompatibilityLevel>CompatLevel90</CompatibilityLevel>
        <MoreInformation>DBCCMoreInformation</MoreInformation>
        <MoreInformationlink>DBCCMoreInformationlink</MoreInformationlink>
      </RuleMetadata>
    </RuleMapping>
    <RuleMapping>
      <FeatureId>OrderByNonIntegerConstant</FeatureId>
      <RuleMetadata>
        <RuleId>OrderByNonIntegerConstant</RuleId>
        <Title>OrderByNonIntegerConstantTitle</Title>
        <IssueCategory>OrderByNonIntegerConstantIssueCategory</IssueCategory>
        <Description>OrderByNonIntegerConstantDescription</Description>
        <Recommendation>OrderByNonIntegerConstantRecommendation</Recommendation>
        <CompatibilityLevel>CompatLevel90</CompatibilityLevel>
        <MoreInformation>OrderByNonIntegerConstantMoreInformation</MoreInformation>
        <MoreInformationlink>OrderByNonIntegerConstantMoreInformationlink</MoreInformationlink>
      </RuleMetadata>
    </RuleMapping>
    <RuleMapping>
      <FeatureId>LOBDataTypes</FeatureId>
      <RuleMetadata>
        <RuleId>LOBDataTypes</RuleId>
        <Title>LOBDataTypesTitle</Title>
        <IssueCategory>LOBDataTypesIssueCategory</IssueCategory>
        <Description>LOBDataTypesDescription</Description>
        <Recommendation>LOBDataTypesRecommendation</Recommendation>
        <CompatibilityLevel>CompatLevel100</CompatibilityLevel>
        <MoreInformation>LOBDataTypesMoreInformation</MoreInformation>
        <MoreInformationlink>LOBDataTypesMoreInformationlink</MoreInformationlink>
      </RuleMetadata>
    </RuleMapping>
    <RuleMapping>
      <FeatureId>OrderByIntegerLiteral</FeatureId>
      <RuleMetadata>
        <RuleId>OrderByIntegerLiteral</RuleId>
        <Title>OrderByIntegerLiteralTitle</Title>
        <IssueCategory>OrderByIntegerLiteralIssueCategory</IssueCategory>
        <Description>OrderByIntegerLiteralDescription</Description>
        <Recommendation>OrderByIntegerLiteralRecommendation</Recommendation>
        <CompatibilityLevel>CompatLevel90</CompatibilityLevel>
        <MoreInformation>OrderByIntegerLiteralMoreInformation</MoreInformation>
        <MoreInformationlink>OrderByIntegerLiteralMoreInformationlink</MoreInformationlink>
      </RuleMetadata>
    </RuleMapping>
    <RuleMapping>
      <FeatureId>ForXmlAutoDerivedTable</FeatureId>
      <RuleMetadata>
        <RuleId>ForXmlAutoDerivedTable</RuleId>
        <Title>ForXmlAutoDerivedTableTitle</Title>
        <IssueCategory>ForXmlAutoDerivedTableIssueCategory</IssueCategory>
        <Description>ForXmlAutoDerivedTableDescription</Description>
        <Recommendation>ForXmlAutoDerivedTableRecommendation</Recommendation>
        <CompatibilityLevel>CompatLevel90</CompatibilityLevel>
        <MoreInformation>ForXmlAutoDerivedTableMoreInformation</MoreInformation>
        <MoreInformationlink>ForXmlAutoDerivedTableMoreInformationlink</MoreInformationlink>
      </RuleMetadata>
    </RuleMapping>
    <RuleMapping>
      <FeatureId>SyntaxError</FeatureId>
      <RuleMetadata>
        <RuleId>SyntaxError</RuleId>
        <Title>SyntaxErrorTitle</Title>
        <IssueCategory>SyntaxErrorIssueCategory</IssueCategory>
        <Description>SyntaxErrorDescription</Description>
        <Recommendation>SyntaxErrorRecommendation</Recommendation>
        <CompatibilityLevel>CompatLevel90</CompatibilityLevel>
        <MoreInformation>SyntaxErrorMoreInformation</MoreInformation>
        <MoreInformationlink>SyntaxErrorMoreInformationlink</MoreInformationlink>
      </RuleMetadata>
    </RuleMapping>
    <RuleMapping>
      <FeatureId>BackupPassword</FeatureId>
      <RuleMetadata>
        <RuleId>BackupPassword</RuleId>
        <Title>BackupPasswordTitle</Title>
        <IssueCategory>BackupPasswordIssueCategory</IssueCategory>
        <Description>BackupPasswordDescription</Description>
        <Recommendation>BackupPasswordRecommendation</Recommendation>
        <CompatibilityLevel>CompatLevel110</CompatibilityLevel>
        <MoreInformation>BackupPasswordMoreInformation</MoreInformation>
        <MoreInformationlink>BackupPasswordMoreInformationlink</MoreInformationlink>
      </RuleMetadata>
    </RuleMapping>
    <RuleMapping>
      <FeatureId>CheckOptionTopView</FeatureId>
      <RuleMetadata>
        <RuleId>CheckOptionTopView</RuleId>
        <Title>CheckOptionTopViewTitle</Title>
        <IssueCategory>CheckOptionTopViewIssueCategory</IssueCategory>
        <Description>CheckOptionTopViewDescription</Description>
        <Recommendation>CheckOptionTopViewRecommendation</Recommendation>
        <CompatibilityLevel>CompatLevel90</CompatibilityLevel>
        <MoreInformation>CheckOptionTopViewMoreInformation</MoreInformation>
        <MoreInformationlink>CheckOptionTopViewMoreInformationlink</MoreInformationlink>
      </RuleMetadata>
    </RuleMapping>
    <RuleMapping>
      <FeatureId>GeoDataType</FeatureId>
      <RuleMetadata>
        <RuleId>GeoDataType</RuleId>
        <Title>GeoDataTypeTitle</Title>
        <IssueCategory>GeoDataTypeIssueCategory</IssueCategory>
        <Description>GeoDataTypeDescription</Description>
        <Recommendation>GeoDataTypeRecommendation</Recommendation>
        <CompatibilityLevel>CompatLevel110</CompatibilityLevel>
        <MoreInformation>GeoDataTypeMoreInformation</MoreInformation>
        <MoreInformationlink>GeoDataTypeMoreInformationlink</MoreInformationlink>
      </RuleMetadata>
    </RuleMapping>
    <RuleMapping>
      <FeatureId>UnqualifiedJoin</FeatureId>
      <RuleMetadata>
        <RuleId>UnqualifiedJoin</RuleId>
        <Title>UnqualifiedJoinTitle</Title>
        <IssueCategory>UnqualifiedJoinIssueCategory</IssueCategory>
        <Description>UnqualifiedJoinDescription</Description>
        <Recommendation>UnqualifiedJoinRecommendation</Recommendation>
        <CompatibilityLevel>CompatLevel90</CompatibilityLevel>
        <MoreInformation>UnqualifiedJoinMoreInformation</MoreInformation>
        <MoreInformationlink>UnqualifiedJoinMoreInformationlink</MoreInformationlink>
      </RuleMetadata>
    </RuleMapping>
    <RuleMapping>
      <FeatureId>BackupLog</FeatureId>
      <RuleMetadata>
        <RuleId>BackupLog</RuleId>
        <Title>BackupLogTitle</Title>
        <IssueCategory>BackupLogIssueCategory</IssueCategory>
        <Description>BackupLogDescription</Description>
        <Recommendation>BackupLogRecommendation</Recommendation>
        <CompatibilityLevel>CompatLevel110</CompatibilityLevel>
        <MoreInformation>BackupLogMoreInformation</MoreInformation>
        <MoreInformationlink>BackupLogMoreInformationlink</MoreInformationlink>
      </RuleMetadata>
    </RuleMapping>
  </RuleMetadataCollection>
</RuleMetadataStore>